{
  "lambda_nm": 460.0,
  "u_norm": 0.0,
  "n_e_re": 2.04304,
  "etl_best_nm": 26.0,
  "s_best": 0.24060746149318488,
  "d_best_nm": {
    "CPL": 97.0,
    "cathode": 10.5,
    "cathode1": 30.0,
    "ETL": 26.0,
    "EML": 15.0,
    "EBL": 15.0,
    "HTL": 22.376493918866192,
    "Rprime": 16.361307381536573,
    "pHTL": 9.0,
    "ITO": 21.0,
    "anode": 10000.0
  },
  "eml_thickness_nm": 15.0,
  "z_ex_phys_nm": 7.500000000000001,
  "z_ex_opt_nm": 121.32433151569435,
  "LBT_opt_nm": 184.49919767489484,
  "rb_B_u0": [
    -0.9415940252370181,
    -0.0
  ],
  "rt_T_u0": [
    -0.2768881460455365,
    -0.8142221068880945
  ],
  "phase3_score": 3.0986962987821016,
  "phase3_eml_center_nm": 70.23780130040277,
  "phase3_phi_e_650_rad": -1.8985927725724738,
  "phase3_phi_e_rad": -1.8985927725724738,
  "phase3_phi_e_lambda_nm": 460.0
}