{
  "lambda_nm": 620.0,
  "u_norm": 0.0,
  "n_e_re": 2.04304,
  "etl_best_nm": 42.0,
  "s_best": 0.3876905179373214,
  "d_best_nm": {
    "CPL": 97.0,
    "cathode": 10.5,
    "cathode1": 30.0,
    "ETL": 42.0,
    "EML": 15.0,
    "EBL": 15.0,
    "HTL": 36.05521816817089,
    "Rprime": 26.362955219737856,
    "pHTL": 9.0,
    "ITO": 21.0,
    "anode": 10000.0
  },
  "eml_thickness_nm": 15.0,
  "z_ex_phys_nm": 7.500000000000001,
  "z_ex_opt_nm": 160.35981112492942,
  "LBT_opt_nm": 253.04270034858052,
  "rb_B_u0": [
    -0.9497429293826412,
    -0.0
  ],
  "rt_T_u0": [
    -0.32391251509183794,
    -0.7324668742753965
  ],
  "phase3_score": 2.6468478438436165,
  "phase3_eml_center_nm": 93.91817338790875,
  "phase3_phi_e_650_rad": -1.987162755827135,
  "phase3_phi_e_rad": -1.987162755827135,
  "phase3_phi_e_lambda_nm": 620.0
}